<?xml version="1.0" encoding="UTF-8"?>
<project-private xmlns="http://www.netbeans.org/ns/project-private/1">
    <editor-bookmarks xmlns="http://www.netbeans.org/ns/editor-bookmarks/2" lastBookmarkId="0"/>
    <open-files xmlns="http://www.netbeans.org/ns/projectui-open-files/2">
        <group>
            <file>file:/C:/Users/Gorord/Downloads/BrickProject-master/BrickProject-master/GP_02_0910_CanjuraOronaWilliams/src/gp_02_/pkg0910/_canjuraoronawilliams/HandMoldedBrick.java</file>
            <file>file:/C:/Users/Gorord/Downloads/BrickProject-master/BrickProject-master/GP_02_0910_CanjuraOronaWilliams/src/gp_02_/pkg0910/_canjuraoronawilliams/SandBrick.java</file>
            <file>file:/C:/Users/Gorord/Downloads/BrickProject-master/BrickProject-master/GP_02_0910_CanjuraOronaWilliams/src/gp_02_/pkg0910/_canjuraoronawilliams/Bricks.java</file>
            <file>file:/C:/Users/Gorord/Downloads/BrickProject-master/BrickProject-master/GP_02_0910_CanjuraOronaWilliams/src/gp_02_/pkg0910/_canjuraoronawilliams/ExtrudedBrick.java</file>
            <file>file:/C:/Users/Gorord/Downloads/BrickProject-master/BrickProject-master/GP_02_0910_CanjuraOronaWilliams/src/gp_02_/pkg0910/_canjuraoronawilliams/GP_02_0910_CanjuraOronaWilliams.java</file>
        </group>
    </open-files>
</project-private>
